R01,,,,,,,,,,,,,,,,,,,,,,,,,,,
T08A,T08A,T08A,T08A,T08A,T08A,T08A,T08A,T08A,T08A,T08A,T08A,T08A,T08A,T08A,T08A,T08A,T08A,T08A,T08A,T08A,T08A,T08A,T08A,T08A,T08A,T08A,T08A
T05A,T05A,T05A,T05A,T05A,T05A,T05A,T08A,T08A,T08A,T08A,T08A,T08A,T08A,T08A,T08A,T08A,T08A,T08A,T08A,T05A,T05A,T05A,T08A,T08A,T08A,T08A,T08A
T05A,T05A,T05A,T05A,T05A,T05A,T05A,T05A,T08A,T08A,T08A,T08A,T08A,T08A,T08A,T08A,T08A,T08A,T08A,T05A,T05A,T05A,T05A,T08A,T08A,T08A,T08A,T08A
T05A,T05A,T05A,T05A,T05A,T05A,T05A,T05A,T05A,T08A,T08A,T08A,T08A,T08A,T08A,T08A,T08A,T08A,T08A,T05A,T05A,T06A,T05A,T05A,T08A,T08A,T08A,T08A
T05A,T05A,T05A,T05A,T05A,T05A,T05A,T05A,T05A,T05A,T08A,T08A,T08A,T08A,T08A,T08A,T08A,T08A,T05A,T05A,T05A,T06A,T05A,T05A,T08A,T08A,T08A,T08A
T05A,T05A,T05A,T05A,T05A,T05A,T05A,T05A,T05A,T05A,T05A,T08A,T08A,T08A,T08A,T08A,T08A,T05A,T05A,T05A,T05A,T06A,T05A,T05A,T08A,T08A,T08A,T08A
T05A,T05A,T05A,T06A,T05A,T06A,T05A,T06A,T05A,T05A,T05A,T05A,T08A,T08A,T08A,T08A,T05A,T05A,T05A,T06A,T05A,T06A,T05A,T05A,T08A,T08A,T08A,T08A
T05A,T05A,T05A,T05A,T05A,T05A,T05A,T05A,T05A,T05A,T05A,T05A,T05A,T08A,T08A,T05A,T05A,T05A,T05A,T06A,T05A,T06A,T05A,T05A,T08A,T08A,T08A,T08A
T05A,T05A,T05A,T06A,T05A,T06A,T05A,T06A,T05A,T05A,T05A,T05A,T05A,T08A,T08A,T05A,T05A,T05A,T05A,T06A,T05A,T06A,T05A,T05A,T08A,T08A,T08A,T08A
T05A,T05A,T05A,T05A,T05A,T05A,T05A,T05A,T05A,T05A,T05A,T05A,T08A,T08A,T08A,T05A,T05A,T05A,T05A,T06A,T05A,T06A,T05A,T05A,T08A,T08A,T08A,T08A
T05A,T05A,T05A,T06A,T05A,T06A,T05A,T06A,T05A,T05A,T05A,T05A,T08A,T08A,T05A,T05A,T05A,T05A,T05A,T06A,T05A,T06A,T05A,T05A,T05A,T08A,T08A,T08A
T05A,T05A,T05A,T05A,T05A,T05A,T05A,T05A,T05A,T05A,T05A,T05A,T05A,T05A,T05A,T05A,T05A,T05A,T05A,T05A,T05A,T05A,T05A,T05A,T05A,T08A,T08A,T08A
T05A,T05A,T05A,T05A,T05A,T05A,T05A,T05A,T05A,T05A,T05A,T05A,T05A,T05A,T05A,T05A,T05A,T05A,T05A,T05A,T05A,T05A,T05A,T05A,T05A,T05A,T08A,T08A
T05A,T05A,T05A,T05A,T05A,T05A,T05A,T05A,T05A,T05A,T05A,T05A,T05A,T05A,T05A,T05A,T05A,T05A,T05A,T05A,T05A,T05A,T05A,T05A,T05A,T05A,T08A,T08A
-,,,,,,,,,,,,,,,,,,,,,,,,,,,
O00A,O00A,O00A,O00A,O00A,O00A,O00A,O00A,O00A,O00A,O00A,O00A,O00A,O00A,O00A,O00A,O00A,O00A,O00A,O00A,O00A,O00A,O00A,O00A,O00A,O00A,O00A,O00A
O00A,O00A,O00A,O00A,O00A,O00A,O00A,O00A,O00A,O00A,O00A,O00A,O00A,O00A,O00A,O00A,O00A,O00A,O00A,O00A,O00A,O00A,O00A,O00A,O00A,O00A,O00A,O00A
O00A,O00A,O00A,O00A,O00A,O00A,O00A,O00A,O00A,O00A,O00A,O00A,O00A,O00A,O00A,O00A,O00A,O00A,O00A,O00A,O00A,O00A,O00A,O00A,O00A,O00A,O00A,O00A
O00A,O00A,O00A,O00A,O00A,O00A,O00A,O00A,O00A,O00A,O00A,O00A,O00A,O00A,O00A,O00A,O00A,O00A,O00A,O00A,O00A,O00A,O00A,O00A,O00A,O00A,O00A,O00A
O00A,O00A,O00A,O00A,O00A,O00A,O00A,O00A,O00A,O00A,O00A,O00A,O00A,O00A,O00A,O00A,O00A,O00A,O00A,O00A,O00A,O00A,O00A,O00A,O00A,O00A,O00A,O00A
O00A,O00A,O00A,O00A,O00A,O00A,O00A,O00A,O00A,O00A,O00A,O00A,O00A,O00A,O00A,O00A,O00A,O00A,O00A,O00A,O00A,O00A,O00A,O00A,O00A,O00A,O00A,O00A
O00A,O00A,O00A,O00A,O00A,O00A,O00A,O00A,O00A,O00A,O00A,O00A,O00A,O00A,O00A,O00A,O00A,O00A,O00A,O00A,O00A,O00A,O00A,O00A,O00A,O00A,O00A,O00A
O00A,O00A,O00A,O00A,O00A,O00A,O00A,O00A,O00A,O00A,O00A,O00A,O00A,O00A,O00A,O00A,O00A,O00A,O00A,O00A,O00A,O00A,O00A,O00A,O00A,O00A,O00A,O00A
O00A,O00A,O00A,O00A,O00A,O00A,O00A,O00A,O00A,O00A,O00A,O00A,O00A,O00A,O00A,O00A,O00A,O00A,O00A,O00A,O00A,O00A,O00A,O00A,O00A,O00A,O00A,O00A
O00A,O00A,O00A,O00A,O00A,O00A,O00A,O00A,O00A,O00A,O00A,O00A,O00A,O00A,O00A,O00A,O00A,O00A,O00A,O00A,O00A,O00A,O00A,O00A,O00A,O00A,O00A,O00A
O00A,O00A,O00A,O00A,O00A,O00A,O00A,O00A,O00A,O00A,O00A,O00A,O00A,O00A,O00A,O00A,O00A,O00A,O00A,O00A,O00A,O00A,O00A,O00A,O00A,O00A,O00A,O00A
O00A,O00A,O00A,O00A,O00A,O00A,O00A,O00A,O00A,O00A,O00A,O00A,O00A,O00A,O00A,O00A,O00A,O00A,O00A,O00A,O00A,O00A,O00A,O00A,O00A,O00A,O00A,O00A
O00A,O00A,O00A,O00A,O00A,O00A,O00A,O00A,O00A,O00A,O00A,O00A,O00A,O00A,O00A,O00A,O00A,O00A,O00A,O00A,O00A,O00A,O00A,O00A,O00A,O00A,O00A,O00A
O00A,O00A,O00A,O00A,O00A,O00A,O00A,O00A,O00A,O00A,O00A,O00A,O00A,O00A,O00A,O00A,O00A,O00A,O00A,O00A,O00A,O00A,O00A,O00A,O00A,O00A,O00A,O00A
-,,,,,,,,,,,,,,,,,,,,,,,,,,,
E00A,E00A,E00A,E00A,E00A,E00A,E00A,E00A,E00A,E00A,E00A,E00A,E00A,E00A,E00A,E00A,E00A,E00A,E00A,E00A,E00A,E00A,E00A,E00A,E00A,E00A,E00A,E00A
E00A,E00A,E00A,E00A,E00A,E00A,E00A,E00A,E00A,E00A,E00A,E00A,E00A,E00A,E00A,E00A,E00A,E00A,E00A,E00A,E00A,E00A,E00A,E00A,E00A,E00A,E00A,E00A
E00A,E00A,E00A,E00A,E00A,E00A,E00A,E00A,E00A,E00A,E00A,E00A,E00A,E00A,E00A,E00A,E00A,E00A,E00A,E00A,E00A,E00A,E00A,E00A,E00A,E00A,E00A,E00A
E00A,E00A,E00A,E00A,E00A,E00A,E00A,E00A,E00A,E00A,E00A,E00A,E00A,E00A,E00A,E00A,E00A,E00A,E00A,E00A,E00A,E00A,E01A,E00A,E00A,E00A,E00A,E00A
E00A,E00A,E00A,E00A,E00A,E00A,E00A,E00A,E00A,E00A,E00A,E00A,E00A,E00A,E00A,E00A,E00A,E00A,E00A,E00A,E00A,E00A,E00A,E00A,E00A,E00A,E00A,E00A
E00A,E00A,E00A,E00A,E00A,E00A,E00A,E00A,E00A,E00A,E00A,E00A,E00A,E00A,E00A,E00A,E00A,E00A,E00A,E00A,E00A,E00A,E00A,E00A,E00A,E00A,E00A,E00A
E00A,E00A,E00A,E00A,E00A,E00A,E00A,E00A,E00A,E00A,E00A,E00A,E00A,E00A,E00A,E00A,E00A,E00A,E00A,E00A,E00A,E00A,E00A,E00A,E00A,E00A,E00A,E00A
E00A,E00A,E00A,E00A,E02A,E00A,E02A,E00A,E00A,E00A,E00A,E00A,E00A,E00A,E00A,E00A,E00A,E00A,E00A,E00A,E01A,E00A,E00A,E00A,E00A,E00A,E00A,E00A
E00A,E00A,E00A,E00A,E00A,E00A,E00A,E00A,E00A,E00A,E00A,E00A,E00A,E00A,E00A,E00A,E00A,E00A,E00A,E00A,E00A,E00A,E00A,E00A,E00A,E00A,E00A,E00A
E00A,E00A,E00A,E00A,E02A,E00A,E02A,E00A,E00A,E00A,E00A,E00A,E00A,E00A,E00A,E00A,E00A,E00A,E00A,E00A,E00A,E00A,E00A,E00A,E00A,E00A,E00A,E00A
E00A,E00A,E00A,E00A,E00A,E00A,E00A,E00A,E00A,E00A,E00A,E00A,E00A,E00A,E00A,E00A,E00A,E00A,E00A,E00A,E00A,E00A,E00A,E00A,E00A,E00A,E00A,E00A
E00A,E00A,E00A,E00A,E00A,E00A,E00A,E00A,E00A,E00A,E00A,E00A,E00A,E00A,E00A,E00A,E00A,E00A,E00A,E00A,E00A,E00A,E00A,E00A,E00A,E00A,E00A,E00A
E00A,E00A,E00A,E00A,E00A,E00A,E00A,E00A,E00A,E00A,E00A,E00A,E00A,E00A,E00A,E00A,E00A,E00A,E00A,E00A,E00A,E00A,E00A,E00A,E00A,E00A,E00A,E00A
E00A,E00A,E00A,E00A,E00A,E00A,E00A,E00A,E00A,E00A,E00A,E00A,E00A,E00A,E00A,E00A,E00A,E00A,E00A,E00A,E00A,E00A,E00A,E00A,E00A,E00A,E00A,E00A
-,,,,,,,,,,,,,,,,,,,,,,,,,,,
I00A,I00A,I00A,I00A,I00A,I00A,I00A,I00A,I00A,I00A,I00A,I00A,I00A,I00A,I00A,I00A,I00A,I00A,I00A,I00A,I00A,I00A,I00A,I00A,I00A,I00A,I00A,I00A
I00A,I00A,I00A,I00A,I00A,I00A,I00A,I00A,I00A,I00A,I00A,I00A,I00A,I00A,I00A,I00A,I00A,I00A,I00A,I00A,I00A,I00A,I00A,I00A,I00A,I00A,I00A,I00A
I00A,I00A,I00A,I00A,I00A,I00A,I00A,I00A,I00A,I00A,I00A,I00A,I00A,I00A,I00A,I00A,I00A,I00A,I00A,I00A,I00A,I00A,I00A,I00A,I00A,I00A,I00A,I00A
I00A,I00A,I00A,I00A,I00A,I00A,I00A,I00A,I00A,I00A,I00A,I00A,I00A,I00A,I00A,I00A,I00A,I00A,I00A,I00A,I00A,I00A,I00A,I00A,I00A,I00A,I00A,I00A
I00A,I00A,I00A,I00A,I00A,I00A,I00A,I00A,I00A,I00A,I00A,I00A,I00A,I00A,I00A,I00A,I00A,I00A,I00A,I00A,I00A,I00A,I00A,I00A,I00A,I00A,I00A,I00A
I00A,I00A,I00A,I00A,I00A,I00A,I00A,I00A,I00A,I00A,I00A,I00A,I00A,I00A,I00A,I00A,I00A,I00A,I00A,I00A,I00A,I00A,I00A,I00A,I00A,I00A,I00A,I00A
I00A,I00A,I00A,I00A,I00A,I00A,I00A,I00A,I00A,I00A,I01D,I00A,I00A,I00A,I00A,I00A,I00A,I00A,I00A,I00A,I00A,I00A,I00A,I00A,I00A,I00A,I00A,I00A
I00A,I00A,I00A,I00A,I00A,I00A,I00A,I00A,I00A,I00A,I00A,I00A,I01F,I00A,I00A,I00A,I00A,I00A,I00A,I00A,I00A,I00A,I01D,I00A,I00A,I00A,I00A,I00A
I00A,I00A,I00A,I00A,I00A,I00A,I00A,I00A,I00A,I00A,I00A,I00A,I01F,I00A,I00A,I00A,I00A,I00A,I00A,I00A,I00A,I00A,I00A,I00A,I01D,I00A,I00A,I00A
I00A,I00A,I00A,I00A,I00A,I00A,I00A,I00A,I00A,I00A,I00A,I00A,I00A,I00A,I00A,I00A,I00A,I00A,I00A,I00A,I00A,I00A,I00A,I00A,I00A,I00A,I00A,I00A
I00A,I00A,I00A,I00A,I00A,I00A,I00A,I00A,I00A,I00A,I00A,I00A,I00A,I00A,I00A,I00A,I00A,I00A,I00A,I00A,I01D,I00A,I00A,I00A,I00A,I00A,I00A,I00A
I00A,I00A,I00A,I00A,I00A,I00A,I00A,I00A,I00A,I01D,I00A,I00A,I00A,I00A,I00A,I00A,I01D,I00A,I00A,I00A,I00A,I00A,I00A,I00A,I00A,I00A,I00A,I00A
I00A,I00A,I01D,I00A,I00A,I00A,I00A,I00A,I00A,I00A,I00A,I00A,I00A,I00A,I00A,I00A,I00A,I00A,I00A,I00A,I00A,I00A,I00A,I00A,I00A,I00A,I00A,I00A
I00A,I00A,I00A,I00A,I00A,I00A,I00A,I00A,I00A,I00A,I00A,I00A,I00A,I00A,I00A,I00A,I00A,I00A,I00A,I00A,I00A,I00A,I00A,I00A,I00A,I00A,I00A,I00A
