W00,,,,,,,,,,,,,,,,,,,,,,,,,,,
T04A,T04A,T04A,T08A,T08A,T08A,T08A,T08A,T08A,T08A,T08A,T08A,T08A,T08A,T08A,T08A,T08A,T08A,T08A,T08A,T04A,T03A,T03A,T03A,T04A,T04A,T04A,T04A
T03A,T03A,T04A,T08A,T08A,T08A,T08A,T08A,T08A,T08A,T08A,T08A,T08A,T08A,T08A,T08A,T08A,T08A,T08A,T04A,T04A,T03A,T03A,T03A,T04A,T04A,T04A,T03A
T03A,T03A,T04A,T04A,T08A,T08A,T08A,T08A,T08A,T08A,T08A,T08A,T08A,T04A,T04A,T04A,T04A,T04A,T04A,T04A,T04A,T03A,T03A,T03A,T03A,T03A,T03A,T03A
T03A,T03A,T03A,T04A,T04A,T04A,T04A,T04A,T04A,T04A,T04A,T04A,T04A,T04A,T04A,T03A,T03A,T03A,T03A,T03A,T03A,T03A,T03A,T03A,T03A,T03A,T03A,T03A
T03A,T03A,T03A,T03A,T04A,T04A,T04A,T04A,T03A,T03A,T03A,T03A,T03A,T03A,T03A,T03A,T03A,T03A,T03A,T03A,T03A,T03A,T03A,T03A,T03A,T03A,T03A,T03A
T04A,T03A,T03A,T03A,T03A,T03A,T03A,T03A,T03A,T03A,T03A,T03A,T03A,T03A,T03A,T03A,T03A,T03A,T03A,T03A,T03A,T03A,T03A,T03A,T03A,T03A,T03A,T03A
T04A,T04A,T03A,T03A,T03A,T03A,T03A,T03A,T03A,T03A,T03A,T03A,T03A,T03A,T03A,T03A,T03A,T03A,T03A,T03A,T03A,T03A,T03A,T03A,T03A,T03A,T03A,T03A
T04A,T04A,T03A,T03A,T03A,T03A,T03A,T03A,T03A,T03A,T03A,T03A,T03A,T03A,T03A,T03A,T03A,T03A,T03A,T03A,T03A,T03A,T03A,T03A,T03A,T03A,T03A,T03A
T04A,T04A,T03A,T03A,T03A,T03A,T03A,T03A,T03A,T03A,T03A,T03A,T03A,T03A,T03A,T03A,T03A,T03A,T03A,T03A,T03A,T03A,T03A,T03A,T03A,T03A,T03A,T03A
T04A,T04A,T03A,T03A,T03A,T03A,T03A,T03A,T03A,T03A,T03A,T03A,T03A,T03A,T03A,T03A,T03A,T03A,T03A,T03A,T03A,T03A,T03A,T03A,T03A,T03A,T03A,T03A
T04A,T04A,T03A,T03A,T03A,T03A,T03A,T03A,T03A,T03A,T03A,T03A,T03A,T03A,T03A,T03A,T03A,T03A,T03A,T03A,T03A,T03A,T03A,T03A,T03A,T03A,T03A,T03A
T04A,T04A,T03A,T03A,T03A,T03A,T03A,T03A,T03A,T03A,T03A,T03A,T03A,T03A,T03A,T03A,T03A,T03A,T03A,T03A,T03A,T03A,T03A,T03A,T03A,T03A,T03A,T03A
T04A,T04A,T03A,T03A,T03A,T03A,T03A,T03A,T03A,T03A,T03A,T03A,T03A,T03A,T03A,T03A,T03A,T03A,T03A,T03A,T03A,T03A,T03A,T03A,T03A,T03A,T03A,T03A
T04A,T04A,T03A,T03A,T03A,T03A,T03A,T03A,T03A,T03A,T03A,T03A,T03A,T03A,T03A,T03A,T03A,T03A,T03A,T03A,T03A,T03A,T03A,T03A,T03A,T03A,T03A,T03A
-,,,,,,,,,,,,,,,,,,,,,,,,,,,
O00A,O00A,O00A,O00A,O00A,O00A,O00A,O00A,O00A,O00A,O00A,O00A,O00A,O00A,O00A,O00A,O00A,O00A,O00A,O00A,O00A,O00A,O00A,O00A,O00A,O00A,O00A,O00A
O00A,O00A,O00A,O00A,O00A,O00A,O00A,O00A,O00A,O00A,O00A,O00A,O00A,O00A,O00A,O00A,O00A,O00A,O00A,O00A,O00A,O00A,O00A,O00A,O00A,O00A,O00A,O00A
O00A,O00A,O00A,O00A,O00A,O00A,O00A,O00A,O00A,O00A,O00A,O00A,O00A,O00A,O00A,O00A,O00A,O00A,O00A,O00A,O00A,O00A,O00A,O00A,O00A,O00A,O00A,O00A
O00A,O00A,O00A,O00A,O00A,O00A,O00A,O00A,O00A,O00A,O00A,O00A,O00A,O00A,O00A,O00A,O00A,O00A,O00A,O00A,O00A,O00A,O00A,O00A,O00A,O00A,O00A,O00A
O00A,O00A,O00A,O00A,O00A,O00A,O00A,O00A,O00A,O00A,O00A,O00A,O00A,O00A,O00A,O00A,O00A,O00A,O00A,O00A,O00A,O00A,O00A,O00A,O00A,O00A,O00A,O00A
O00A,O00A,O00A,O00A,O00A,O00A,O00A,O00A,O00A,O00A,O00A,O00A,O00A,O00A,O00A,O00A,O00A,O00A,O00A,O00A,O00A,O00A,O00A,O00A,O00A,O00A,O00A,O00A
O00A,O00A,O00A,O00A,O00A,O00A,O00A,O00A,O00A,O00A,O00A,O00A,O00A,O00A,O00A,O00A,O00A,O00A,O00A,O00A,O00A,O00A,O00A,O00A,O00A,O00A,O00A,O00A
O00A,O00A,O00A,O00A,O00A,O00A,O00A,O00A,O00A,O00A,O00A,O00A,O00A,O00A,O00A,O00A,O00A,O00A,O00A,O00A,O00A,O00A,O00A,O00A,O00A,O00A,O00A,O00A
O00A,O00A,O00A,O00A,O00A,O00A,O00A,O00A,O00A,O00A,O00A,O00A,O00A,O00A,O00A,O00A,O00A,O00A,O00A,O00A,O00A,O00A,O00A,O00A,O00A,O00A,O00A,O00A
O00A,O00A,O00A,O00A,O00A,O00A,O00A,O00A,O00A,O00A,O00A,O00A,O00A,O00A,O00A,O00A,O00A,O00A,O00A,O00A,O00A,O00A,O00A,O00A,O00A,O00A,O00A,O00A
O00A,O00A,O00A,O00A,O00A,O00A,O00A,O00A,O00A,O00A,O00A,O00A,O00A,O00A,O00A,O00A,O00A,O00A,O00A,O00A,O00A,O00A,O00A,O00A,O00A,O00A,O00A,O00A
O00A,O00A,O00A,O00A,O00A,O00A,O00A,O00A,O00A,O00A,O00A,O00A,O00A,O00A,O00A,O00A,O00A,O00A,O00A,O00A,O00A,O00A,O00A,O00A,O00A,O00A,O00A,O00A
O00A,O00A,O00A,O00A,O00A,O00A,O00A,O00A,O00A,O00A,O00A,O00A,O00A,O00A,O00A,O00A,O00A,O00A,O00A,O00A,O00A,O00A,O00A,O00A,O00A,O00A,O00A,O00A
O00A,O00A,O00A,O00A,O00A,O00A,O00A,O00A,O00A,O00A,O00A,O00A,O00A,O00A,O00A,O00A,O00A,O00A,O00A,O00A,O00A,O00A,O00A,O00A,O00A,O00A,O00A,O00A
-,,,,,,,,,,,,,,,,,,,,,,,,,,,
E00A,E00A,E00A,E00A,E00A,E00A,E00A,E00A,E00A,E00A,E00A,E00A,E00A,E00A,E00A,E00A,E00A,E00A,E00A,E00A,E00A,E00A,E00A,E00A,E00A,E00A,E00A,E00A
E00A,E00A,E00A,E00A,E00A,E00A,E00A,E00A,E00A,E00A,E00A,E00A,E00A,E00A,E00A,E00A,E00A,E00A,E00A,E00A,E00A,E00A,E00A,E00A,E00A,E00A,E00A,E00A
E00A,E00A,E00A,E00A,E00A,E00A,E00A,E00A,E00A,E00A,E00A,E00A,E00A,E00A,E00A,E00A,E00A,E00A,E00A,E00A,E00A,E00A,E00A,E00A,E00A,E00A,E00A,E00A
E00A,E00A,E00A,E00A,E00A,E00A,E00A,E00A,E00A,E00A,E00A,E00A,E00A,E00A,E00A,E00A,E00A,E00A,E00A,E00A,E00A,E00A,E00A,E00A,E00A,E00A,E00A,E00A
E00A,E00A,E00A,E00A,E00A,E00A,E00A,E00A,E00A,E00A,E00A,E00A,E00A,E00A,E00A,E00A,E00A,E00A,E00A,E00A,E00A,E00A,E00A,E00A,E00A,E00A,E00A,E00A
E00A,E00A,E00A,E00A,E00A,E00A,E00A,E00A,E00A,E00A,E00A,E00A,E00A,E00A,E00A,E00A,E00A,E00A,E00A,E00A,E00A,E00A,E00A,E00A,E00A,E00A,E00A,E00A
E00A,E00A,E00A,E00A,E00A,E00A,E00A,E00A,E00A,E00A,E00A,E00A,E00A,E00A,E00A,E00A,E00A,E00A,E00A,E00A,E00A,E00A,E00A,E00A,E00A,E00A,E00A,E00A
E00A,E00A,E00A,E00A,E00A,E00A,E00A,E00A,E00A,E00A,E00A,E00A,E00A,E00A,E00A,E00A,E00A,E00A,E00A,E00A,E00A,E00A,E00A,E00A,E00A,E00A,E00A,E00A
E00A,E00A,E00A,E00A,E00A,E00A,E00A,E00A,E00A,E00A,E00A,E00A,E00A,E00A,E00A,E00A,E00A,E00A,E00A,E00A,E00A,E00A,E00A,E00A,E00A,E00A,E00A,E00A
E00A,E00A,E00A,E00A,E00A,E00A,E00A,E00A,E00A,E00A,E00A,E00A,E00A,E00A,E00A,E00A,E00A,E00A,E00A,E00A,E00A,E00A,E00A,E00A,E00A,E00A,E00A,E00A
E00A,E00A,E00A,E00A,E00A,E00A,E00A,E00A,E00A,E00A,E00A,E00A,E00A,E00A,E00A,E00A,E00A,E00A,E00A,E00A,E00A,E00A,E00A,E00A,E00A,E00A,E00A,E00A
E00A,E00A,E00A,E00A,E00A,E00A,E00A,E00A,E00A,E00A,E00A,E00A,E00A,E00A,E00A,E00A,E00A,E00A,E00A,E00A,E00A,E00A,E00A,E00A,E00A,E00A,E00A,E00A
E00A,E00A,E00A,E00A,E00A,E00A,E00A,E00A,E00A,E00A,E00A,E00A,E00A,E00A,E00A,E00A,E00A,E00A,E00A,E00A,E00A,E00A,E00A,E00A,E00A,E00A,E00A,E00A
E00A,E00A,E00A,E00A,E00A,E00A,E00A,E00A,E00A,E00A,E00A,E00A,E00A,E00A,E00A,E00A,E00A,E00A,E00A,E00A,E00A,E00A,E00A,E00A,E00A,E00A,E00A,E00A
-,,,,,,,,,,,,,,,,,,,,,,,,,,,
I00A,I00A,I00A,I00A,I00A,I00A,I00A,I00A,I00A,I00A,I00A,I00A,I00A,I00A,I00A,I00A,I00A,I00A,I00A,I00A,I00A,I00A,I00A,I00A,I00A,I00A,I00A,I00A
I00A,I00A,I00A,I00A,I00A,I00A,I00A,I00A,I00A,I00A,I00A,I00A,I00A,I00A,I00A,I00A,I00A,I00A,I00A,I00A,I00A,I00A,I00A,I00A,I00A,I00A,I00A,I00A
I00A,I00A,I00A,I00A,I00A,I00A,I00A,I00A,I00A,I00A,I00A,I00A,I00A,I00A,I00A,I00A,I00A,I00A,I00A,I00A,I00A,I00A,I00A,I00A,I00A,I00A,I00A,I00A
I00A,I00A,I00A,I00A,I00A,I00A,I00A,I00A,I00A,I00A,I00A,I00A,I00A,I00A,I00A,I00A,I00A,I00A,I00A,I00A,I00A,I00A,I00A,I00A,I00A,I00A,I00A,I00A
I00A,I00A,I00A,I00A,I00A,I00A,I00A,I00A,I00A,I00A,I00A,I00A,I00A,I00A,I00A,I00A,I00A,I00A,I00A,I00A,I00A,I00A,I00A,I00A,I00A,I00A,I00A,I00A
I00A,I00A,I00A,I00A,I00A,I00A,I00A,I00A,I00A,I00A,I00A,I00A,I00A,I00A,I00A,I00A,I00A,I00A,I00A,I00A,I00A,I00A,I00A,I00A,I00A,I00A,I00A,I00A
I00A,I00A,I00A,I00A,I00A,I01A,I00A,I00A,I00A,I00A,I00A,I00A,I00A,I00A,I00A,I00A,I00A,I01A,I00A,I00A,I00A,I00A,I00A,I00A,I00A,I00A,I00A,I00A
I00A,I00A,I00A,I00A,I00A,I00A,I00A,I00A,I00A,I00A,I00A,I00A,I00A,I01A,I00A,I00A,I00A,I00A,I00A,I00A,I00A,I00A,I00A,I00A,I01A,I00A,I00A,I00A
I00A,I00A,I00A,I00A,I00A,I00A,I00A,I00A,I00A,I00A,I01A,I00A,I00A,I00A,I00A,I00A,I00A,I00A,I00A,I00A,I01A,I00A,I00A,I00A,I00A,I00A,I00A,I00A
I00A,I00A,I00A,I01A,I00A,I00A,I00A,I00A,I00A,I00A,I00A,I00A,I00A,I00A,I00A,I00A,I00A,I00A,I00A,I00A,I00A,I00A,I00A,I00A,I00A,I00A,I00A,I00A
I00A,I00A,I00A,I00A,I00A,I00A,I00A,I00A,I00A,I00A,I00A,I00A,I00A,I00A,I00A,I00A,I00A,I00A,I00A,I00A,I00A,I00A,I00A,I00A,I00A,I00A,I00A,I00A
I00A,I00A,I00A,I00A,I00A,I00A,I00A,I00A,I00A,I00A,I00A,I00A,I00A,I00A,I00A,I00A,I00A,I00A,I00A,I00A,I00A,I00A,I01A,I00A,I00A,I00A,I01A,I00A
I00A,I00A,I00A,I00A,I00A,I00A,I00A,I00A,I00A,I00A,I00A,I00A,I00A,I00A,I00A,I00A,I00A,I00A,I00A,I00A,I00A,I00A,I00A,I00A,I00A,I00A,I00A,I00A
I00A,I00A,I00A,I00A,I00A,I00A,I00A,I00A,I00A,I00A,I00A,I00A,I00A,I00A,I00A,I00A,I00A,I00A,I00A,I00A,I00A,I00A,I00A,I00A,I00A,I00A,I00A,I00A
