X00,,,,,,,,,,,,,,,,,,,,,,,,,,,
T01A,T02A,T03A,T04A,T05A,T06A,T07A,T08A,T09A,T10A,T01A,T02A,T03A,T04A,T05A,T06A,T07A,T08A,T09A,T10A,T01A,T02A,T03A,T04A,T05A,T06A,T07A,T08A
T01A,T02A,T03A,T04A,T05A,T06A,T07A,T08A,T09A,T10A,T01A,T02A,T03A,T04A,T05A,T06A,T07A,T08A,T09A,T10A,T01A,T02A,T03A,T04A,T05A,T06A,T07A,T08A
T01A,T02A,T03A,T04A,T05A,T06A,T07A,T08A,T09A,T10A,T01A,T02A,T03A,T04A,T05A,T06A,T07A,T08A,T09A,T10A,T01A,T02A,T03A,T04A,T05A,T06A,T07A,T08A
T01A,T02A,T03A,T04A,T05A,T06A,T07A,T08A,T09A,T10A,T01A,T02A,T03A,T04A,T05A,T06A,T07A,T08A,T09A,T10A,T01A,T02A,T03A,T04A,T05A,T06A,T07A,T08A
T01A,T02A,T03A,T04A,T05A,T06A,T07A,T08A,T09A,T10A,T01A,T02A,T03A,T04A,T05A,T06A,T07A,T08A,T09A,T10A,T01A,T02A,T03A,T04A,T05A,T06A,T07A,T08A
T01A,T02A,T03A,T04A,T05A,T06A,T07A,T08A,T09A,T10A,T01A,T02A,T03A,T04A,T05A,T06A,T07A,T08A,T09A,T10A,T01A,T02A,T03A,T04A,T05A,T06A,T07A,T08A
T01A,T02A,T03A,T04A,T05A,T06A,T07A,T08A,T09A,T10A,T01A,T02A,T03A,T04A,T05A,T06A,T07A,T08A,T09A,T10A,T01A,T02A,T03A,T04A,T05A,T06A,T07A,T08A
T01A,T02A,T03A,T04A,T05A,T06A,T07A,T08A,T09A,T10A,T01A,T02A,T03A,T04A,T05A,T06A,T07A,T08A,T09A,T10A,T01A,T02A,T03A,T04A,T05A,T06A,T07A,T08A
T01A,T02A,T03A,T04A,T05A,T06A,T07A,T08A,T09A,T10A,T01A,T02A,T03A,T04A,T05A,T06A,T07A,T08A,T09A,T10A,T01A,T02A,T03A,T04A,T05A,T06A,T07A,T08A
T01A,T02A,T03A,T04A,T05A,T06A,T07A,T08A,T09A,T10A,T01A,T02A,T03A,T04A,T05A,T06A,T07A,T08A,T09A,T10A,T01A,T02A,T03A,T04A,T05A,T06A,T07A,T08A
T01A,T02A,T03A,T04A,T05A,T06A,T07A,T08A,T09A,T10A,T01A,T02A,T03A,T04A,T05A,T06A,T07A,T08A,T09A,T10A,T01A,T02A,T03A,T04A,T05A,T06A,T07A,T08A
T01A,T02A,T03A,T04A,T05A,T06A,T07A,T08A,T09A,T10A,T01A,T02A,T03A,T04A,T05A,T06A,T07A,T08A,T09A,T10A,T01A,T02A,T03A,T04A,T05A,T06A,T07A,T08A
T01A,T02A,T03A,T04A,T05A,T06A,T07A,T08A,T09A,T10A,T01A,T02A,T03A,T04A,T05A,T06A,T07A,T08A,T09A,T10A,T01A,T02A,T03A,T04A,T05A,T06A,T07A,T08A
T01A,T02A,T03A,T04A,T05A,T06A,T07A,T08A,T09A,T10A,T01A,T02A,T03A,T04A,T05A,T06A,T07A,T08A,T09A,T10A,T01A,T02A,T03A,T04A,T05A,T06A,T07A,T08A
-,,,,,,,,,,,,,,,,,,,,,,,,,,,
O00A,O00A,O00A,O00A,O00A,O00A,O00A,O00A,O00A,O00A,O00A,O00A,O00A,O00A,O00A,O00A,O00A,O00A,O00A,O00A,O00A,O00A,O00A,O00A,O00A,O00A,O00A,O00A
O00A,O00A,O00A,O00A,O00A,O00A,O00A,O00A,O00A,O00A,O00A,O00A,O00A,O00A,O00A,O00A,O00A,O00A,O00A,O00A,O00A,O00A,O00A,O00A,O00A,O00A,O00A,O00A
O00A,O00A,O00A,O00A,O00A,O00A,O00A,O00A,O00A,O00A,O00A,O00A,O00A,O00A,O00A,O00A,O00A,O00A,O00A,O00A,O00A,O00A,O00A,O00A,O00A,O00A,O00A,O00A
O00A,O00A,O00A,O00A,O00A,O00A,O00A,O00A,O00A,O00A,O00A,O00A,O00A,O00A,O00A,O00A,O00A,O00A,O00A,O00A,O00A,O00A,O00A,O00A,O00A,O00A,O00A,O00A
O00A,O00A,O00A,O00A,O00A,O00A,O00A,O00A,O00A,O00A,O00A,O00A,O00A,O00A,O00A,O00A,O00A,O00A,O00A,O00A,O00A,O00A,O00A,O00A,O00A,O00A,O00A,O00A
O00A,O00A,O00A,O00A,O00A,O00A,O00A,O00A,O00A,O00A,O00A,O00A,O00A,O00A,O00A,O00A,O00A,O00A,O00A,O00A,O00A,O00A,O00A,O00A,O00A,O00A,O00A,O00A
O00A,O00A,O00A,O00A,O00A,O00A,O00A,O00A,O00A,O00A,O00A,O00A,O00A,O00A,O00A,O00A,O00A,O00A,O00A,O00A,O00A,O00A,O00A,O00A,O00A,O00A,O00A,O00A
O00A,O00A,O00A,O00A,O00A,O00A,O00A,O00A,O00A,O00A,O00A,O00A,O00A,O00A,O00A,O00A,O00A,O00A,O00A,O00A,O00A,O00A,O00A,O00A,O00A,O00A,O00A,O00A
O00A,O00A,O00A,O00A,O00A,O00A,O00A,O00A,O00A,O00A,O00A,O00A,O00A,O00A,O00A,O00A,O00A,O00A,O00A,O00A,O00A,O00A,O00A,O00A,O00A,O00A,O00A,O00A
O00A,O00A,O00A,O00A,O00A,O00A,O00A,O00A,O00A,O00A,O00A,O00A,O00A,O00A,O00A,O00A,O00A,O00A,O00A,O00A,O00A,O00A,O00A,O00A,O00A,O00A,O00A,O00A
O00A,O00A,O00A,O00A,O00A,O00A,O00A,O00A,O00A,O00A,O00A,O00A,O00A,O00A,O00A,O00A,O00A,O00A,O00A,O00A,O00A,O00A,O00A,O00A,O00A,O00A,O00A,O00A
O00A,O00A,O00A,O00A,O00A,O00A,O00A,O00A,O00A,O00A,O00A,O00A,O00A,O00A,O00A,O00A,O00A,O00A,O00A,O00A,O00A,O00A,O00A,O00A,O00A,O00A,O00A,O00A
O00A,O00A,O00A,O00A,O00A,O00A,O00A,O00A,O00A,O00A,O00A,O00A,O00A,O00A,O00A,O00A,O00A,O00A,O00A,O00A,O00A,O00A,O00A,O00A,O00A,O00A,O00A,O00A
O00A,O00A,O00A,O00A,O00A,O00A,O00A,O00A,O00A,O00A,O00A,O00A,O00A,O00A,O00A,O00A,O00A,O00A,O00A,O00A,O00A,O00A,O00A,O00A,O00A,O00A,O00A,O00A
-,,,,,,,,,,,,,,,,,,,,,,,,,,,
E00A,E00A,E00A,E00A,E00A,E00A,E00A,E00A,E00A,E00A,E00A,E00A,E00A,E00A,E00A,E00A,E00A,E00A,E00A,E00A,E00A,E00A,E00A,E00A,E00A,E00A,E00A,E00A
E00A,E00A,E00A,E00A,E00A,E00A,E00A,E00A,E00A,E00A,E00A,E00A,E00A,E00A,E00A,E00A,E00A,E00A,E00A,E00A,E00A,E00A,E00A,E00A,E00A,E00A,E00A,E00A
E00A,E00A,E00A,E00A,E00A,E00A,E00A,E00A,E00A,E00A,E00A,E00A,E00A,E00A,E00A,E00A,E00A,E00A,E00A,E00A,E00A,E00A,E00A,E00A,E00A,E00A,E00A,E00A
E00A,E00A,E00A,E00A,E00A,E00A,E00A,E00A,E00A,E00A,E00A,E00A,E00A,E00A,E00A,E00A,E00A,E00A,E00A,E00A,E00A,E00A,E00A,E00A,E00A,E00A,E00A,E00A
E00A,E00A,E00A,E00A,E00A,E00A,E00A,E00A,E00A,E00A,E00A,E00A,E00A,E00A,E00A,E00A,E00A,E00A,E00A,E00A,E00A,E00A,E00A,E00A,E00A,E00A,E00A,E00A
E00A,E00A,E00A,E00A,E00A,E00A,E00A,E00A,E00A,E00A,E00A,E00A,E00A,E00A,E00A,E00A,E00A,E00A,E00A,E00A,E00A,E00A,E00A,E00A,E00A,E00A,E00A,E00A
E00A,E00A,E00A,E00A,E00A,E00A,E00A,E00A,E00A,E00A,E00A,E00A,E00A,E00A,E00A,E00A,E00A,E00A,E00A,E00A,E00A,E00A,E00A,E00A,E00A,E00A,E00A,E00A
E00A,E00A,E00A,E00A,E00A,E00A,E00A,E00A,E00A,E00A,E00A,E00A,E00A,E00A,E00A,E00A,E00A,E00A,E00A,E00A,E00A,E00A,E00A,E00A,E00A,E00A,E00A,E00A
E00A,E00A,E00A,E00A,E00A,E00A,E00A,E00A,E00A,E00A,E00A,E00A,E00A,E00A,E00A,E00A,E00A,E00A,E00A,E00A,E00A,E00A,E00A,E00A,E00A,E00A,E00A,E00A
E00A,E00A,E00A,E00A,E00A,E00A,E00A,E00A,E00A,E00A,E00A,E00A,E00A,E00A,E00A,E00A,E00A,E00A,E00A,E00A,E00A,E00A,E00A,E00A,E00A,E00A,E00A,E00A
E00A,E00A,E00A,E00A,E00A,E00A,E00A,E00A,E00A,E00A,E00A,E00A,E00A,E00A,E00A,E00A,E00A,E00A,E00A,E00A,E00A,E00A,E00A,E00A,E00A,E00A,E00A,E00A
E00A,E00A,E00A,E00A,E00A,E00A,E00A,E00A,E00A,E00A,E00A,E00A,E00A,E00A,E00A,E00A,E00A,E00A,E00A,E00A,E00A,E00A,E00A,E00A,E00A,E00A,E00A,E00A
E00A,E00A,E00A,E00A,E00A,E00A,E00A,E00A,E00A,E00A,E00A,E00A,E00A,E00A,E00A,E00A,E00A,E00A,E00A,E00A,E00A,E00A,E00A,E00A,E00A,E00A,E00A,E00A
E00A,E00A,E00A,E00A,E00A,E00A,E00A,E00A,E00A,E00A,E00A,E00A,E00A,E00A,E00A,E00A,E00A,E00A,E00A,E00A,E00A,E00A,E00A,E00A,E00A,E00A,E00A,E00A
-,,,,,,,,,,,,,,,,,,,,,,,,,,,
I00A,I00A,I00A,I00A,I00A,I00A,I00A,I00A,I00A,I00A,I00A,I00A,I00A,I00A,I00A,I00A,I00A,I00A,I00A,I00A,I00A,I00A,I00A,I00A,I00A,I00A,I00A,I00A
I00A,I00A,I00A,I00A,I00A,I00A,I00A,I00A,I00A,I00A,I00A,I00A,I00A,I00A,I00A,I00A,I00A,I00A,I00A,I00A,I00A,I00A,I00A,I00A,I00A,I00A,I00A,I00A
I00A,I00A,I00A,I00A,I00A,I00A,I00A,I00A,I00A,I00A,I00A,I00A,I00A,I00A,I00A,I00A,I00A,I00A,I00A,I00A,I00A,I00A,I00A,I00A,I00A,I00A,I00A,I00A
I00A,I00A,I00A,I00A,I00A,I00A,I00A,I00A,I00A,I00A,I00A,I00A,I00A,I00A,I00A,I00A,I00A,I00A,I00A,I00A,I00A,I00A,I00A,I00A,I00A,I00A,I00A,I00A
I00A,I00A,I00A,I00A,I00A,I00A,I00A,I00A,I00A,I00A,I00A,I00A,I00A,I00A,I00A,I00A,I00A,I00A,I00A,I00A,I00A,I00A,I00A,I00A,I00A,I00A,I00A,I00A
I00A,I00A,I00A,I00A,I00A,I00A,I00A,I00A,I00A,I00A,I00A,I00A,I00A,I00A,I00A,I00A,I00A,I00A,I00A,I00A,I00A,I00A,I00A,I00A,I00A,I00A,I00A,I00A
I00A,I00A,I00A,I00A,I00A,I00A,I00A,I00A,I00A,I00A,I00A,I00A,I00A,I00A,I00A,I00A,I00A,I00A,I00A,I00A,I00A,I00A,I00A,I00A,I00A,I00A,I00A,I00A
I00A,I00A,I00A,I00A,I00A,I00A,I00A,I00A,I00A,I00A,I00A,I00A,I00A,I00A,I00A,I00A,I00A,I00A,I00A,I00A,I00A,I00A,I00A,I00A,I00A,I00A,I00A,I00A
I00A,I00A,I00A,I00A,I00A,I00A,I00A,I00A,I00A,I00A,I00A,I00A,I00A,I00A,I00A,I00A,I00A,I00A,I00A,I00A,I00A,I00A,I00A,I00A,I00A,I00A,I00A,I00A
I00A,I00A,I00A,I00A,I00A,I00A,I00A,I00A,I00A,I00A,I00A,I00A,I00A,I00A,I00A,I00A,I00A,I00A,I00A,I00A,I00A,I00A,I00A,I00A,I00A,I00A,I00A,I00A
I00A,I00A,I00A,I00A,I00A,I00A,I00A,I00A,I00A,I00A,I00A,I00A,I00A,I00A,I00A,I00A,I00A,I00A,I00A,I00A,I00A,I00A,I00A,I00A,I00A,I00A,I00A,I00A
I00A,I00A,I00A,I00A,I00A,I00A,I00A,I00A,I00A,I00A,I00A,I00A,I00A,I00A,I00A,I00A,I00A,I00A,I00A,I00A,I00A,I00A,I00A,I00A,I00A,I00A,I00A,I00A
I00A,I00A,I00A,I00A,I00A,I00A,I00A,I00A,I00A,I00A,I00A,I00A,I00A,I00A,I00A,I00A,I00A,I00A,I00A,I00A,I00A,I00A,I00A,I00A,I00A,I00A,I00A,I00A
I00A,I00A,I00A,I00A,I00A,I00A,I00A,I00A,I00A,I00A,I00A,I00A,I00A,I00A,I00A,I00A,I00A,I00A,I00A,I00A,I00A,I00A,I00A,I00A,I00A,I00A,I00A,I00A
